participant_id,vendor_id,tranx_event,occurrence_string,budget_id,currency_id,fin_acc_id,tranx_debit,tranx_credit
[5ab055eae67be20014ca5284],5f3e18f8d95d06627dc8e94e,movies-Bad Boy For Life,3/1,5f3e189bd95d06627dc8e931,5f381f30f815d062fb9da8f1,[5f3e16a8d95d06627dc8e928],1325,0
[5ab055eae67be20014ca5284],5f3e18f8d95d06627dc8e990,groceries: alkalizer & detoxifier supplement,3/1,5f3e189bd95d06627dc8e932,5f381f30f815d062fb9da8f1,[5f3e16a8d95d06627dc8e928],2928,0
[5ab055eae67be20014ca5284],5f3e18f8d95d06627dc8e952,tire gauge 120 psi,3/1,5f3e189bd95d06627dc8e937,5f381f30f815d062fb9da8f1,[5f3e16a8d95d06627dc8e928],720,0
[5ab055eae67be20014ca5284],5f3e18f8d95d06627dc8e955,fish & chips,3/1,5f3e189bd95d06627dc8e932,5f381f30f815d062fb9da8f1,[5f3e16a8d95d06627dc8e928],1330,0
[5ab055eae67be20014ca5284],5f3e18f8d95d06627dc8e994,Onigilly,3/3,5f3e189bd95d06627dc8e932,5f381f30f815d062fb9da8f1,[5f3e16a8d95d06627dc8e92a],104,0
[5ab055eae67be20014ca5284],5f3e18f8d95d06627dc8e941,servers,3/3,5f3e189bd95d06627dc8e937,5f381f30f815d062fb9da8f1,[5f3e16a8d95d06627dc8e92a],31,0
[5ab055eae67be20014ca5284],5f3e18f8d95d06627dc8e994,Fish & Farm,3/2,5f3e189bd95d06627dc8e932,5f381f30f815d062fb9da8f1,[5f3e16a8d95d06627dc8e92a],418,0
[5ab055eae67be20014ca5284],5f3e18f8d95d06627dc8e988,Rent,3/2,5f3e189bd95d06627dc8e935,5f381f30f815d062fb9da8f1,[5f3e16a8d95d06627dc8e92f],151000,0
[5ab055eae67be20014ca5284],5f3e18f8d95d06627dc8e942,"sunglasses, notebook",3/1,5f3e189bd95d06627dc8e937,5f381f30f815d062fb9da8f1,[5f3e16a8d95d06627dc8e92f],6944,0
[5ab055eae67be20014ca5284],5f3e18f8d95d06627dc8e986,"costlip.com, idnkhtw.space",3/1,5f3e189bd95d06627dc8e937,5f381f30f815d062fb9da8f1,[5f3e16a8d95d06627dc8e927],2322,0
[5ab055eae67be20014ca5284],5f3e18f8d95d06627dc8e98b,PayPal Credit: Brompton,3/2,5f3e189bd95d06627dc8e937,5f381f30f815d062fb9da8f1,[5f3e16a8d95d06627dc8e927],50000,0
[5ab055eae67be20014ca5284],5f3e18f8d95d06627dc8e954,"soup, toothbrushes",3/3,5f3e189bd95d06627dc8e932,5f381f30f815d062fb9da8f1,[5f3e16a8d95d06627dc8e927],2495,0
[5ab055eae67be20014ca5284],5f3e18f8d95d06627dc8e93d,backpack,3/3,5f3e189bd95d06627dc8e937,5f381f30f815d062fb9da8f1,[5f3e16a8d95d06627dc8e927],4306,0
[5ab055eae67be20014ca5284],5f3e18f8d95d06627dc8e93d,vitamins,3/3,5f3e189bd95d06627dc8e936,5f381f30f815d062fb9da8f1,[5f3e16a8d95d06627dc8e927],506,0
[5ab055eae67be20014ca5284],5f3e18f8d95d06627dc8e986,"youngrichandiconic.com, prokickballer.com",3/1,5f3e189bd95d06627dc8e937,5f381f30f815d062fb9da8f1,[5f3e16a8d95d06627dc8e927],2632,0
[5ab055eae67be20014ca5284],5f3e18f8d95d06627dc8e947,"Benets, $1 tip",3/4,5f3e189bd95d06627dc8e932,5f381f30f815d062fb9da8f1,[5f3e16a8d95d06627dc8e928],1032,0
[5ab055eae67be20014ca5284],5f3e18f8d95d06627dc8e99a,dinner at comedy show,3/5,5f3e189bd95d06627dc8e932,5f381f30f815d062fb9da8f1,[5f3e16a8d95d06627dc8e92b],3300,0
[5ab055eae67be20014ca5284],5f3e18f8d95d06627dc8e994,Onigilly,3/5,5f3e189bd95d06627dc8e932,5f381f30f815d062fb9da8f1,[5f3e16a8d95d06627dc8e92a],122,0
[5ab055eae67be20014ca5284],5f3e18f8d95d06627dc8e944,clipper_card,3/5,5f3e189bd95d06627dc8e938,5f381f30f815d062fb9da8f1,[5f3e16a8d95d06627dc8e928],2000,0
[5ab055eae67be20014ca5284],5f3e18f8d95d06627dc8e994,Hilal Guys,3/6,5f3e189bd95d06627dc8e932,5f381f30f815d062fb9da8f1,[5f3e16a8d95d06627dc8e92a],475,0
[5ab055eae67be20014ca5284],5f3e18f8d95d06627dc8e9a3,laundry,3/7,5f3e189bd95d06627dc8e933,5f381f30f815d062fb9da8f1,[5f3e16a8d95d06627dc8e928],1100,0
[5ab055eae67be20014ca5284],5f3e18f8d95d06627dc8e954,Groceries,3/7,5f3e189bd95d06627dc8e932,5f381f30f815d062fb9da8f1,[5f3e16a8d95d06627dc8e92b],4175,0
[5ab055eae67be20014ca5284],5f3e18f8d95d06627dc8e954,"Nintendo switch, gloves, jeans ",3/7,5f3e189bd95d06627dc8e937,5f381f30f815d062fb9da8f1,[5f3e16a8d95d06627dc8e92b],41984,0
[5ab055eae67be20014ca5284],5f3e18f8d95d06627dc8e97f,Camera & lens,3/7,5f3e189bd95d06627dc8e937,5f381f30f815d062fb9da8f1,[5f3e16a8d95d06627dc8e92d],70000,0
[5ab055eae67be20014ca5284],5f3e18f8d95d06627dc8e993,burger & fries,3/7,5f3e189bd95d06627dc8e932,5f381f30f815d062fb9da8f1,[5f3e16a8d95d06627dc8e928],1009,0
[5ab055eae67be20014ca5284],5f3e18f8d95d06627dc8e9a4,RETURNED. blender bottle,3/7,5f3e189bd95d06627dc8e937,5f381f30f815d062fb9da8f1,[5f3e16a8d95d06627dc8e927],1182,1182
[5ab055eae67be20014ca5284],5f3e18f8d95d06627dc8e93d,thunderbolt to hdmi adapter,3/7,5f3e189bd95d06627dc8e937,5f381f30f815d062fb9da8f1,[5f3e16a8d95d06627dc8e927],1084,0
[5ab055eae67be20014ca5284],5f3e18f8d95d06627dc8e980,ride home from CostCo with too much stuff in the rain,3/7,5f3e189bd95d06627dc8e938,5f381f30f815d062fb9da8f1,[5f3e16a8d95d06627dc8e927],727,0
[5ab055eae67be20014ca5284],5f3e18f8d95d06627dc8e93d,The Legend of Zelda: Breath of the Wild - Nintendo Switch,3/7,5f3e189bd95d06627dc8e931,5f381f30f815d062fb9da8f1,[5f3e16a8d95d06627dc8e927],5370,0
[5ab055eae67be20014ca5284],5f3e18f8d95d06627dc8e945,NBA 2k20 Nintendo switch,3/8,5f3e189bd95d06627dc8e931,5f381f30f815d062fb9da8f1,[5f3e16a8d95d06627dc8e92d],3653,0
[5ab055eae67be20014ca5284],5f3e18f8d95d06627dc8e994,Blue Light: burger & fries,3/8,5f3e189bd95d06627dc8e932,5f381f30f815d062fb9da8f1,[5f3e16a8d95d06627dc8e92a],977,0
[5ab055eae67be20014ca5284],5f3e18f8d95d06627dc8e96f,3 cookies,3/8,5f3e189bd95d06627dc8e932,5f381f30f815d062fb9da8f1,[5f3e16a8d95d06627dc8e928],540,0
[5ab055eae67be20014ca5284],5f3e18f8d95d06627dc8e962,dinner w Christina,3/11,5f3e189bd95d06627dc8e932,5f381f30f815d062fb9da8f1,[5f3e16a8d95d06627dc8e928],4400,0
[5ab055eae67be20014ca5284],5f3e18f8d95d06627dc8e994,Le Petitt's Kitchen,3/11,5f3e189bd95d06627dc8e932,5f381f30f815d062fb9da8f1,[5f3e16a8d95d06627dc8e92a],127,0
[5ab055eae67be20014ca5284],5f3e18f8d95d06627dc8e994,Le Petitt's Kitchen,3/11,5f3e189bd95d06627dc8e932,5f381f30f815d062fb9da8f1,[5f3e16a8d95d06627dc8e92a],50,0
[5ab055eae67be20014ca5284],5f3e18f8d95d06627dc8e994,Le Petitt's Kitchen,3/11,5f3e189bd95d06627dc8e932,5f381f30f815d062fb9da8f1,[5f3e16a8d95d06627dc8e92a],418,0
[5ab055eae67be20014ca5284],5f3e18f8d95d06627dc8e957,medicine,3/13,5f3e189bd95d06627dc8e936,5f381f30f815d062fb9da8f1,[5f3e16a8d95d06627dc8e92f],1875,0
[5ab055eae67be20014ca5284],5f3e18f8d95d06627dc8e947,dinner,3/13,5f3e189bd95d06627dc8e932,5f381f30f815d062fb9da8f1,[5f3e16a8d95d06627dc8e92f],6100,0
[5ab055eae67be20014ca5284],5f3e18f8d95d06627dc8e945,RETURNED. cords & cables,3/13,5f3e189bd95d06627dc8e937,5f381f30f815d062fb9da8f1,[5f3e16a8d95d06627dc8e92f],3795,3795
[5ab055eae67be20014ca5284],5f3e18f8d95d06627dc8e97c,dinner,3/12,5f3e189bd95d06627dc8e932,5f381f30f815d062fb9da8f1,[5f3e16a8d95d06627dc8e928],1653,0
[5ab055eae67be20014ca5284],5f3e18f8d95d06627dc8e954,supplements,3/13,5f3e189bd95d06627dc8e932,5f381f30f815d062fb9da8f1,[5f3e16a8d95d06627dc8e92f],8568,0
[5ab055eae67be20014ca5284],5f3e18f8d95d06627dc8e994,Soluna Cafe & Lounge,3/13,5f3e189bd95d06627dc8e932,5f381f30f815d062fb9da8f1,[5f3e16a8d95d06627dc8e927],50,0
[5ab055eae67be20014ca5284],5f3e18f8d95d06627dc8e994,Le Petitt's Kitchen,3/13,5f3e189bd95d06627dc8e932,5f381f30f815d062fb9da8f1,[5f3e16a8d95d06627dc8e927],1676,0
[5ab055eae67be20014ca5284],5f3e18f8d95d06627dc8e93d,cable mini hdmi to hdmi,3/13,5f3e189bd95d06627dc8e937,5f381f30f815d062fb9da8f1,[5f3e16a8d95d06627dc8e92a],720,0
[5ab055eae67be20014ca5284],5f3e18f8d95d06627dc8e93d,25 ft hdmi cable,3/12,5f3e189bd95d06627dc8e937,5f381f30f815d062fb9da8f1,[5f3e16a8d95d06627dc8e92a],1626,0
[5ab055eae67be20014ca5284],5f3e18f8d95d06627dc8e9a4,groceries,3/14,5f3e189bd95d06627dc8e932,5f381f30f815d062fb9da8f1,[5f3e16a8d95d06627dc8e92f],1237,0
[5ab055eae67be20014ca5284],5f3e18f8d95d06627dc8e973,burger & fries,3/14,5f3e189bd95d06627dc8e932,5f381f30f815d062fb9da8f1,[5f3e16a8d95d06627dc8e928],527,0
[5ab055eae67be20014ca5284],5f3e18f8d95d06627dc8e954,microsd card,3/12,5f3e189bd95d06627dc8e937,5f381f30f815d062fb9da8f1,[5f3e16a8d95d06627dc8e92a],4881,0
[5ab055eae67be20014ca5284],5f3e18f8d95d06627dc8e9b3,Thomas,3/17,5f3e189bd95d06627dc8e936,5f381f30f815d062fb9da8f1,[5f3e16a8d95d06627dc8e928],30995,0
[5ab055eae67be20014ca5284],5f3e18f8d95d06627dc8e99d,pizza,3/17,5f3e189bd95d06627dc8e932,5f381f30f815d062fb9da8f1,[5f3e16a8d95d06627dc8e92f],2371,0
[5ab055eae67be20014ca5284],5f3e18f8d95d06627dc8e980,ride to beach,3/12,5f3e189bd95d06627dc8e938,5f381f30f815d062fb9da8f1,[5f3e16a8d95d06627dc8e92f],1378,0
[5ab055eae67be20014ca5284],5f3e18f8d95d06627dc8e980,beach to home,3/12,5f3e189bd95d06627dc8e938,5f381f30f815d062fb9da8f1,[5f3e16a8d95d06627dc8e92f],1496,0
[5ab055eae67be20014ca5284],5f3e18f8d95d06627dc8e980,ride to fedex to get atem mini,3/13,5f3e189bd95d06627dc8e938,5f381f30f815d062fb9da8f1,[5f3e16a8d95d06627dc8e92f],1080,0
[5ab055eae67be20014ca5284],5f3e18f8d95d06627dc8e980,ride to car rental,3/14,5f3e189bd95d06627dc8e938,5f381f30f815d062fb9da8f1,[5f3e16a8d95d06627dc8e92f],860,0
[5ab055eae67be20014ca5284],5f3e18f8d95d06627dc8e994,drink,3/18,5f3e189bd95d06627dc8e932,5f381f30f815d062fb9da8f1,[5f3e16a8d95d06627dc8e927],57,0
[5ab055eae67be20014ca5284],5f3e18f8d95d06627dc8e96f,lotta cookies,3/19,5f3e189bd95d06627dc8e932,5f381f30f815d062fb9da8f1,[5f3e16a8d95d06627dc8e928],700,0
[5ab055eae67be20014ca5284],5f3e18f8d95d06627dc8e983,floor pump,3/20,5f3e189bd95d06627dc8e937,5f381f30f815d062fb9da8f1,[5f3e16a8d95d06627dc8e92f],4335,0
[5ab055eae67be20014ca5284],5f3e18f8d95d06627dc8e9a3,"Washing, no bedding, large washers too big ",3/20,5f3e189bd95d06627dc8e933,5f381f30f815d062fb9da8f1,[5f3e16a8d95d06627dc8e928],825,0
[5ab055eae67be20014ca5284],5f3e18f8d95d06627dc8e9a3,"Washing, no bedding, large washers too big ",3/20,5f3e189bd95d06627dc8e933,5f381f30f815d062fb9da8f1,[5f3e16a8d95d06627dc8e928],175,0
[5ab055eae67be20014ca5284],5f3e18f8d95d06627dc8e965,"overpaid mamma's cc, total payment was $500",3/21,5f3e189bd95d06627dc8e936,5f381f30f815d062fb9da8f1,[5f3e16a8d95d06627dc8e92f],541,0
[5ab055eae67be20014ca5284],5f3e18f8d95d06627dc8e9b2,"first aid kit, make up remover wipes",3/21,5f3e189bd95d06627dc8e936,5f381f30f815d062fb9da8f1,[5f3e16a8d95d06627dc8e928],573,0
[5ab055eae67be20014ca5284],5f3e18f8d95d06627dc8e994,Patxi's,3/21,5f3e189bd95d06627dc8e932,5f381f30f815d062fb9da8f1,[5f3e16a8d95d06627dc8e92a],869,0
[5ab055eae67be20014ca5284],5f3e18f8d95d06627dc8e998,"dates, black farmers",3/22,5f3e189bd95d06627dc8e932,5f381f30f815d062fb9da8f1,[5f3e16a8d95d06627dc8e928],700,0
[5ab055eae67be20014ca5284],5f3e18f8d95d06627dc8e954,groceries,3/22,5f3e189bd95d06627dc8e932,5f381f30f815d062fb9da8f1,[5f3e16a8d95d06627dc8e92f],9530,0
[5ab055eae67be20014ca5284],5f3e18f8d95d06627dc8e954,tools,3/22,5f3e189bd95d06627dc8e937,5f381f30f815d062fb9da8f1,[5f3e16a8d95d06627dc8e92f],1626,0
[5ab055eae67be20014ca5284],5f3e18f8d95d06627dc8e954,selfcare tools,3/22,5f3e189bd95d06627dc8e936,5f381f30f815d062fb9da8f1,[5f3e16a8d95d06627dc8e92f],3633,0
[5ab055eae67be20014ca5284],5f3e18f8d95d06627dc8e98d,"fish & chips, gifted to local",3/22,5f3e189bd95d06627dc8e936,5f381f30f815d062fb9da8f1,[5f3e16a8d95d06627dc8e928],1400,0
[5ab055eae67be20014ca5284],5f3e18f8d95d06627dc8e99b,ok buffalo chicken sandwich & fries,3/22,5f3e189bd95d06627dc8e932,5f381f30f815d062fb9da8f1,[5f3e16a8d95d06627dc8e928],1948,0
[5ab055eae67be20014ca5284],5f3e18f8d95d06627dc8e9b5,local brewery 4 pack beer,3/22,5f3e189bd95d06627dc8e931,5f381f30f815d062fb9da8f1,[5f3e16a8d95d06627dc8e92f],1214,0
[5ab055eae67be20014ca5284],5f3e18f8d95d06627dc8e954,groceries for lockdown,3/23,5f3e189bd95d06627dc8e932,5f381f30f815d062fb9da8f1,[5f3e16a8d95d06627dc8e92f],9937,0
[5ab055eae67be20014ca5284],5f3e18f8d95d06627dc8e954,groceries for lockdown,3/23,5f3e189bd95d06627dc8e932,5f381f30f815d062fb9da8f1,[5f3e16a8d95d06627dc8e92f],3699,0
[5ab055eae67be20014ca5284],5f3e18f8d95d06627dc8e943,medicine,3/23,5f3e189bd95d06627dc8e931,5f381f30f815d062fb9da8f1,[5f3e16a8d95d06627dc8e928],10000,0
[5ab055eae67be20014ca5284],5f3e18f8d95d06627dc8e969,"groceries, salsa, potatoes",3/23,5f3e189bd95d06627dc8e932,5f381f30f815d062fb9da8f1,[5f3e16a8d95d06627dc8e92f],1457,0
[5ab055eae67be20014ca5284],5f3e18f8d95d06627dc8e959,"weight vest, taser",3/24,5f3e189bd95d06627dc8e937,5f381f30f815d062fb9da8f1,[5f3e16a8d95d06627dc8e92d],10305,0
[5ab055eae67be20014ca5284],5f3e18f8d95d06627dc8e9a4,"chips, hot sauce",3/24,5f3e189bd95d06627dc8e932,5f381f30f815d062fb9da8f1,[5f3e16a8d95d06627dc8e928],567,0
[5ab055eae67be20014ca5284],5f3e18f8d95d06627dc8e9a3,Washing,3/27,5f3e189bd95d06627dc8e933,5f381f30f815d062fb9da8f1,[5f3e16a8d95d06627dc8e928],875,0
[5ab055eae67be20014ca5284],5f3e18f8d95d06627dc8e9a3,Dryer,3/27,5f3e189bd95d06627dc8e933,5f381f30f815d062fb9da8f1,[5f3e16a8d95d06627dc8e928],225,0
[5ab055eae67be20014ca5284],5f3e18f8d95d06627dc8e96f,cookies,3/27,5f3e189bd95d06627dc8e932,5f381f30f815d062fb9da8f1,[5f3e16a8d95d06627dc8e928],200,0
[5ab055eae67be20014ca5284],5f3e18f8d95d06627dc8e9b0,phone bill,3/29,5f3e189bd95d06627dc8e934,5f381f30f815d062fb9da8f1,[5f3e16a8d95d06627dc8e927],4000,0
[5ab055eae67be20014ca5284],5f3e18f8d95d06627dc8e994,Fresco Pizza,3/22,5f3e189bd95d06627dc8e932,5f381f30f815d062fb9da8f1,[5f3e16a8d95d06627dc8e92a],126,0
[5ab055eae67be20014ca5284],5f3e18f8d95d06627dc8e994,Quetzal,3/23,5f3e189bd95d06627dc8e932,5f381f30f815d062fb9da8f1,[5f3e16a8d95d06627dc8e92a],182,0
[5ab055eae67be20014ca5284],5f3e18f8d95d06627dc8e994,Quetzal,3/24,5f3e189bd95d06627dc8e932,5f381f30f815d062fb9da8f1,[5f3e16a8d95d06627dc8e92a],50,0
[5ab055eae67be20014ca5284],5f3e18f8d95d06627dc8e994,Organic Coop,3/25,5f3e189bd95d06627dc8e932,5f381f30f815d062fb9da8f1,[5f3e16a8d95d06627dc8e92a],232,0
[5ab055eae67be20014ca5284],5f3e18f8d95d06627dc8e994,Organic Coop,3/26,5f3e189bd95d06627dc8e932,5f381f30f815d062fb9da8f1,[5f3e16a8d95d06627dc8e92a],235,0
[5ab055eae67be20014ca5284],5f3e18f8d95d06627dc8e9a9,Moving boxes,3/31,5f3e189bd95d06627dc8e937,5f381f30f815d062fb9da8f1,[5f3e16a8d95d06627dc8e92f],540,0
[5ab055eae67be20014ca5284],5f3e18f8d95d06627dc8e994,Melt,3/30,5f3e189bd95d06627dc8e932,5f381f30f815d062fb9da8f1,[5f3e16a8d95d06627dc8e92a],103,0
[5ab055eae67be20014ca5284],5f3e18f8d95d06627dc8e954,cooler,3/31,5f3e189bd95d06627dc8e937,5f381f30f815d062fb9da8f1,[5f3e16a8d95d06627dc8e92f],4339,0
[5ab055eae67be20014ca5284],5f3e18f8d95d06627dc8e9a4,duct tape,3/31,5f3e189bd95d06627dc8e937,5f381f30f815d062fb9da8f1,[5f3e16a8d95d06627dc8e92f],428,0
[5ab055eae67be20014ca5284],5f3e18f8d95d06627dc8e954,food returns,3/31,5f3e189bd95d06627dc8e932,5f381f30f815d062fb9da8f1,[5f3e16a8d95d06627dc8e92f],0,5841
[5ab055eae67be20014ca5284],5f3e18f8d95d06627dc8e954,return Bullet Whiskey and Chocolate Caramel candy,4/2,5f3e189bd95d06627dc8e932,5f381f30f815d062fb9da8f1,[5f3e16a8d95d06627dc8e928],0,4647
[5ab055eae67be20014ca5284],5f3e18f8d95d06627dc8e968,Chips,4/10,5f3e189bd95d06627dc8e932,5f381f30f815d062fb9da8f1,[5f3e16a8d95d06627dc8e928],162,0
[5ab055eae67be20014ca5284],5f3e18f8d95d06627dc8e945,RETURNED. 50 mm lens,3/26,5f3e189bd95d06627dc8e937,5f381f30f815d062fb9da8f1,[5f3e16a8d95d06627dc8e92d],21699,18699
[5ab055eae67be20014ca5284],5f3e18f8d95d06627dc8e93b,RETURNED. used 50 mm lens,3/27,5f3e189bd95d06627dc8e937,5f381f30f815d062fb9da8f1,[5f3e16a8d95d06627dc8e92d],14729,14729
[5ab055eae67be20014ca5284],5f3e18f8d95d06627dc8e98c,"gas, trip from SF to Phx",4/1,5f3e189bd95d06627dc8e939,5f381f30f815d062fb9da8f1,[5f3e16a8d95d06627dc8e92b],3680,0
[5ab055eae67be20014ca5284],5f3e18f8d95d06627dc8e963,"sandwich, on road trip",4/1,5f3e189bd95d06627dc8e939,5f381f30f815d062fb9da8f1,[5f3e16a8d95d06627dc8e928],965,0
[5ab055eae67be20014ca5284],5f3e18f8d95d06627dc8e973,"dinner, snack",4/1,5f3e189bd95d06627dc8e939,5f381f30f815d062fb9da8f1,[5f3e16a8d95d06627dc8e928],481,0
[5ab055eae67be20014ca5284],5f3e18f8d95d06627dc8e94c,"dinner, roadtrip",4/1,5f3e189bd95d06627dc8e939,5f381f30f815d062fb9da8f1,[5f3e16a8d95d06627dc8e928],699,0
[5ab055eae67be20014ca5284],5f3e18f8d95d06627dc8e9b1,"gas, trip from SF to Phx",4/1,5f3e189bd95d06627dc8e939,5f381f30f815d062fb9da8f1,[5f3e16a8d95d06627dc8e928],2000,0
[5ab055eae67be20014ca5284],5f3e18f8d95d06627dc8e949,rent car for road trip,4/1,5f3e189bd95d06627dc8e939,5f381f30f815d062fb9da8f1,[5f3e16a8d95d06627dc8e92b],9200,0
[5ab055eae67be20014ca5284],5f3e18f8d95d06627dc8e954,supplements,4/7,5f3e189bd95d06627dc8e932,5f381f30f815d062fb9da8f1,[5f3e16a8d95d06627dc8e92f],8038,0
[5ab055eae67be20014ca5284],5f3e18f8d95d06627dc8e954,groceries for Christina & I,4/7,5f3e189bd95d06627dc8e932,5f381f30f815d062fb9da8f1,[5f3e16a8d95d06627dc8e92f],5518,2759
[5ab055eae67be20014ca5284],5f3e18f8d95d06627dc8e95c,The Porch-Dinner,4/5,5f3e189bd95d06627dc8e932,5f381f30f815d062fb9da8f1,[5f3e16a8d95d06627dc8e92f],5424,2712
[5ab055eae67be20014ca5284],5f3e18f8d95d06627dc8e968,batteries & food,4/9,5f3e189bd95d06627dc8e932,5f381f30f815d062fb9da8f1,[5f3e16a8d95d06627dc8e92f],3427,1714
[5ab055eae67be20014ca5284],5f3e18f8d95d06627dc8e968,snacks,4/11,5f3e189bd95d06627dc8e932,5f381f30f815d062fb9da8f1,[5f3e16a8d95d06627dc8e92f],862,0
[5ab055eae67be20014ca5284],5f3e18f8d95d06627dc8e968,Chips,4/10,5f3e189bd95d06627dc8e932,5f381f30f815d062fb9da8f1,[5f3e16a8d95d06627dc8e928],162,0
[5ab055eae67be20014ca5284],5f3e18f8d95d06627dc8e954,groceries for Christina & I,4/21,5f3e189bd95d06627dc8e932,5f381f30f815d062fb9da8f1,[5f3e16a8d95d06627dc8e92f],7489,3744
[5ab055eae67be20014ca5284],5f3e18f8d95d06627dc8e954,protein,4/21,5f3e189bd95d06627dc8e932,5f381f30f815d062fb9da8f1,[5f3e16a8d95d06627dc8e92f],1614,0
[5ab055eae67be20014ca5284],5f3e18f8d95d06627dc8e95c,Native Grill & Wings,4/17,5f3e189bd95d06627dc8e932,5f381f30f815d062fb9da8f1,[5f3e16a8d95d06627dc8e92f],4443,2222
[5ab055eae67be20014ca5284],5f3e18f8d95d06627dc8e9a6,music,4/14,5f3e189bd95d06627dc8e931,5f381f30f815d062fb9da8f1,[5f3e16a8d95d06627dc8e92f],999,0
[5ab055eae67be20014ca5284],5f3e18f8d95d06627dc8e950,breakfast for Christina and I,4/19,5f3e189bd95d06627dc8e932,5f381f30f815d062fb9da8f1,[5f3e16a8d95d06627dc8e92f],1530,765
[5ab055eae67be20014ca5284],5f3e18f8d95d06627dc8e93d,"book, ""People Powered: How Communities Can Supercharge Your Business, Brand, and Teams"" building communities",4/7,5f3e189bd95d06627dc8e937,5f381f30f815d062fb9da8f1,[5f3e16a8d95d06627dc8e92a],1818,1818
[5ab055eae67be20014ca5284],5f3e18f8d95d06627dc8e940,membership,4/8,5f3e189bd95d06627dc8e937,5f381f30f815d062fb9da8f1,[5f3e16a8d95d06627dc8e92a],1600,0
[5ab055eae67be20014ca5284],5f3e18f8d95d06627dc8e984,membership,4/12,5f3e189bd95d06627dc8e937,5f381f30f815d062fb9da8f1,[5f3e16a8d95d06627dc8e92a],4900,0
[5ab055eae67be20014ca5284],5f3e18f8d95d06627dc8e97a,"book, ""The African Trilogy: Things Fall Apart; Arrow of God; No Longer at Ease (Penguin Classics Deluxe Edition)""",4/12,5f3e189bd95d06627dc8e937,5f381f30f815d062fb9da8f1,[5f3e16a8d95d06627dc8e92a],1390,0
[5ab055eae67be20014ca5284],5f3e18f8d95d06627dc8e97a,"book, ""From Superman to Man""",4/16,5f3e189bd95d06627dc8e937,5f381f30f815d062fb9da8f1,[5f3e16a8d95d06627dc8e92a],106,0
[5ab055eae67be20014ca5284],5f3e18f8d95d06627dc8e93d,prime membership,4/16,5f3e189bd95d06627dc8e937,5f381f30f815d062fb9da8f1,[5f3e16a8d95d06627dc8e92a],649,0
[5ab055eae67be20014ca5284],5f3e18f8d95d06627dc8e93d,camera and lens covers,4/12,5f3e189bd95d06627dc8e937,5f381f30f815d062fb9da8f1,[5f3e16a8d95d06627dc8e92a],1415,0
[5ab055eae67be20014ca5284],5f3e18f8d95d06627dc8e93d,RFID card protectors,4/12,5f3e189bd95d06627dc8e937,5f381f30f815d062fb9da8f1,[5f3e16a8d95d06627dc8e92a],1077,0
[5ab055eae67be20014ca5284],5f3e18f8d95d06627dc8e98a,js tutor,4/1,5f3e189bd95d06627dc8e937,5f381f30f815d062fb9da8f1,[5f3e16a8d95d06627dc8e92d],100,0
[5ab055eae67be20014ca5284],5f3e18f8d95d06627dc8e95c,San Tan Brewery,4/24,5f3e189bd95d06627dc8e932,5f381f30f815d062fb9da8f1,[5f3e16a8d95d06627dc8e92f],3788,0
[5ab055eae67be20014ca5284],5f3e18f8d95d06627dc8e950,breakfast for Christina and I,4/25,5f3e189bd95d06627dc8e932,5f381f30f815d062fb9da8f1,[5f3e16a8d95d06627dc8e928],1597,799
[5ab055eae67be20014ca5284],5f3e18f8d95d06627dc8e986,"domain renewal: mygorgeousman.com,awesomewebstore.com",4/25,5f3e189bd95d06627dc8e937,5f381f30f815d062fb9da8f1,[5f3e16a8d95d06627dc8e927],2632,0
[5ab055eae67be20014ca5284],5f3e18f8d95d06627dc8e9b0,phone,4/25,5f3e189bd95d06627dc8e934,5f381f30f815d062fb9da8f1,[5f3e16a8d95d06627dc8e927],4000,0
[5ab055eae67be20014ca5284],5f3e18f8d95d06627dc8e986,domain renewal: 11thrp.com,4/26,5f3e189bd95d06627dc8e937,5f381f30f815d062fb9da8f1,[5f3e16a8d95d06627dc8e927],1316,0
[5ab055eae67be20014ca5284],5f3e18f8d95d06627dc8e968,groceries for Christina & I,4/26,5f3e189bd95d06627dc8e932,5f381f30f815d062fb9da8f1,[5f3e16a8d95d06627dc8e92f],1239,620
[5ab055eae67be20014ca5284],5f3e18f8d95d06627dc8e968,Chips,4/10,5f3e189bd95d06627dc8e932,5f381f30f815d062fb9da8f1,[5f3e16a8d95d06627dc8e928],162,0
[5ab055eae67be20014ca5284],5f3e18f8d95d06627dc8e968,white vinegar,4/27,5f3e189bd95d06627dc8e932,5f381f30f815d062fb9da8f1,[5f3e16a8d95d06627dc8e92f],203,102
[5ab055eae67be20014ca5284],5f3e18f8d95d06627dc8e97d,"book, ""It's About Damn Time."" audiobook",4/27,5f3e189bd95d06627dc8e937,5f381f30f815d062fb9da8f1,[5f3e16a8d95d06627dc8e927],2450,0
[5ab055eae67be20014ca5284],5f3e18f8d95d06627dc8e946,"book, ""It's About Damn Time."" hardcover for mamma",4/27,5f3e189bd95d06627dc8e931,5f381f30f815d062fb9da8f1,[5f3e16a8d95d06627dc8e927],2780,0
[5ab055eae67be20014ca5284],5f3e18f8d95d06627dc8e93f,"teachable class ""How to Raise Capital for Your Company from Scratch""",4/27,5f3e189bd95d06627dc8e937,5f381f30f815d062fb9da8f1,[5f3e16a8d95d06627dc8e927],6000,0
[5ab055eae67be20014ca5284],5f3e18f8d95d06627dc8e950,Lunch for Christina & I,4/28,5f3e189bd95d06627dc8e932,5f381f30f815d062fb9da8f1,[5f3e16a8d95d06627dc8e92f],3416,1708
[5ab055eae67be20014ca5284],5f3e18f8d95d06627dc8e93d,RETURNED. mhl hdmi connector,4/30,5f3e189bd95d06627dc8e937,5f381f30f815d062fb9da8f1,[5f3e16a8d95d06627dc8e927],1508,1508
[5ab055eae67be20014ca5284],5f3e18f8d95d06627dc8e9af,bluetooth keyboard for raspberry pi,4/29,5f3e189bd95d06627dc8e937,5f381f30f815d062fb9da8f1,[5f3e16a8d95d06627dc8e927],1499,0
[5ab055eae67be20014ca5284],5f3e18f8d95d06627dc8e967,bike chair/desk,4/30,5f3e189bd95d06627dc8e937,5f381f30f815d062fb9da8f1,[5f3e16a8d95d06627dc8e92d],32510,0
[5ab055eae67be20014ca5284],5f3e18f8d95d06627dc8e945,"tabletop tripod, usb-c cord",5/1,5f3e189bd95d06627dc8e937,5f381f30f815d062fb9da8f1,[5f3e16a8d95d06627dc8e92d],3125,0
[5ab055eae67be20014ca5284],5f3e18f8d95d06627dc8e968,food,5/1,5f3e189bd95d06627dc8e932,5f381f30f815d062fb9da8f1,[5f3e16a8d95d06627dc8e92f],3626,1813
[5ab055eae67be20014ca5284],5f3e18f8d95d06627dc8e9a1,mic stand,5/1,5f3e189bd95d06627dc8e937,5f381f30f815d062fb9da8f1,[5f3e16a8d95d06627dc8e92d],4205,0
[5ab055eae67be20014ca5284],5f3e18f8d95d06627dc8e954,flowers,5/3,5f3e189bd95d06627dc8e931,5f381f30f815d062fb9da8f1,[5f3e16a8d95d06627dc8e92f],1077,0
[5ab055eae67be20014ca5284],5f3e18f8d95d06627dc8e97e,breakfast,5/3,5f3e189bd95d06627dc8e932,5f381f30f815d062fb9da8f1,[5f3e16a8d95d06627dc8e92f],2600,1300
[5ab055eae67be20014ca5284],5f3e18f8d95d06627dc8e954,"nikon d7500 camera with clean hdmi out, $19.73 refunded by CostCo for express shipping",5/5,5f3e189bd95d06627dc8e937,5f381f30f815d062fb9da8f1,[5f3e16a8d95d06627dc8e92f],130632,1973
[5ab055eae67be20014ca5284],5f3e18f8d95d06627dc8e9aa,"flashcards of persons of color, stem, women",5/3,5f3e189bd95d06627dc8e931,5f381f30f815d062fb9da8f1,[5f3e16a8d95d06627dc8e92d],3548,0
[5ab055eae67be20014ca5284],5f3e18f8d95d06627dc8e979,patreon,5/1,5f3e189bd95d06627dc8e931,5f381f30f815d062fb9da8f1,[5f3e16a8d95d06627dc8e92d],100,0
[5ab055eae67be20014ca5284],5f3e18f8d95d06627dc8e982,juice,5/3,5f3e189bd95d06627dc8e931,5f381f30f815d062fb9da8f1,[5f3e16a8d95d06627dc8e928],2500,0
[5ab055eae67be20014ca5284],5f3e18f8d95d06627dc8e93d,mhl hdmi connector,5/6,5f3e189bd95d06627dc8e937,5f381f30f815d062fb9da8f1,[5f3e16a8d95d06627dc8e927],2155,2155
[5ab055eae67be20014ca5284],5f3e18f8d95d06627dc8e968,"guacamole, bananas",5/6,5f3e189bd95d06627dc8e932,5f381f30f815d062fb9da8f1,[5f3e16a8d95d06627dc8e92f],544,272
[5ab055eae67be20014ca5284],5f3e18f8d95d06627dc8e997,rent,5/5,5f3e189bd95d06627dc8e935,5f381f30f815d062fb9da8f1,[5f3e16a8d95d06627dc8e92f],67788,0
[5ab055eae67be20014ca5284],5f3e18f8d95d06627dc8e956,late dinner,5/6,5f3e189bd95d06627dc8e932,5f381f30f815d062fb9da8f1,[5f3e16a8d95d06627dc8e928],593,0
[5ab055eae67be20014ca5284],5f3e18f8d95d06627dc8e9a0,lunch for Christina and I,5/7,5f3e189bd95d06627dc8e932,5f381f30f815d062fb9da8f1,[5f3e16a8d95d06627dc8e92d],907,454
[5ab055eae67be20014ca5284],5f3e18f8d95d06627dc8e951,April share of expenses,5/7,5f3e189bd95d06627dc8e933,5f381f30f815d062fb9da8f1,[5f3e16a8d95d06627dc8e92f],1467,0
[5ab055eae67be20014ca5284],5f3e18f8d95d06627dc8e968,groceries,5/12,5f3e189bd95d06627dc8e932,5f381f30f815d062fb9da8f1,[5f3e16a8d95d06627dc8e92f],553,277
[5ab055eae67be20014ca5284],5f3e18f8d95d06627dc8e992,dinner,5/12,5f3e189bd95d06627dc8e932,5f381f30f815d062fb9da8f1,[5f3e16a8d95d06627dc8e92a],2305,1153
[5ab055eae67be20014ca5284],5f3e18f8d95d06627dc8e9a1,"RETURNED. mic stand, need",5/13,5f3e189bd95d06627dc8e937,5f381f30f815d062fb9da8f1,[5f3e16a8d95d06627dc8e92d],2151,-1066
[5ab055eae67be20014ca5284],5f3e18f8d95d06627dc8e974,my state & federal taxes,5/13,5f3e189bd95d06627dc8e933,5f381f30f815d062fb9da8f1,[5f3e16a8d95d06627dc8e92a],10500,0
[5ab055eae67be20014ca5284],5f3e18f8d95d06627dc8e968,"pasta, pasta sauce, cheese",5/13,5f3e189bd95d06627dc8e932,5f381f30f815d062fb9da8f1,[5f3e16a8d95d06627dc8e92f],557,279
[5ab055eae67be20014ca5284],5f3e18f8d95d06627dc8e968,food,5/14,5f3e189bd95d06627dc8e932,5f381f30f815d062fb9da8f1,[5f3e16a8d95d06627dc8e92f],1767,884
[5ab055eae67be20014ca5284],5f3e18f8d95d06627dc8e93d,25 ft hdmi cable,5/15,5f3e189bd95d06627dc8e937,5f381f30f815d062fb9da8f1,[5f3e16a8d95d06627dc8e92a],1778,0
[5ab055eae67be20014ca5284],5f3e18f8d95d06627dc8e96e,100 shares of stock added to the 50 shares already purchased,5/15,5f3e189bd95d06627dc8e936,5f381f30f815d062fb9da8f1,[5f3e16a8d95d06627dc8e92f],110000,0
[5ab055eae67be20014ca5284],5f3e18f8d95d06627dc8e9a6,music,5/14,5f3e189bd95d06627dc8e931,5f381f30f815d062fb9da8f1,[5f3e16a8d95d06627dc8e92f],999,0
[5ab055eae67be20014ca5284],5f3e18f8d95d06627dc8e951,cox bill,5/15,5f3e189bd95d06627dc8e93a,5f381f30f815d062fb9da8f1,[5f3e16a8d95d06627dc8e92f],6750,0
[5ab055eae67be20014ca5284],5f3e18f8d95d06627dc8e9a0,lunch for Christina and I,5/8,5f3e189bd95d06627dc8e932,5f381f30f815d062fb9da8f1,[5f3e16a8d95d06627dc8e92d],929,465
[5ab055eae67be20014ca5284],5f3e18f8d95d06627dc8e968,groceries,5/19,5f3e189bd95d06627dc8e932,5f381f30f815d062fb9da8f1,[5f3e16a8d95d06627dc8e92f],1466,733
[5ab055eae67be20014ca5284],5f3e18f8d95d06627dc8e968,groceries,5/19,5f3e189bd95d06627dc8e932,5f381f30f815d062fb9da8f1,[5f3e16a8d95d06627dc8e928],722,213
[5ab055eae67be20014ca5284],5f3e18f8d95d06627dc8e98e,soccer ball size 5,5/19,5f3e189bd95d06627dc8e931,5f381f30f815d062fb9da8f1,[5f3e16a8d95d06627dc8e928],1296,0
[5ab055eae67be20014ca5284],5f3e18f8d95d06627dc8e968,groceries,5/22,5f3e189bd95d06627dc8e932,5f381f30f815d062fb9da8f1,[5f3e16a8d95d06627dc8e928],1042,521
[5ab055eae67be20014ca5284],5f3e18f8d95d06627dc8e996,lunch,5/23,5f3e189bd95d06627dc8e932,5f381f30f815d062fb9da8f1,[5f3e16a8d95d06627dc8e928],837,0
[5ab055eae67be20014ca5284],5f3e18f8d95d06627dc8e93d,shea moisture for mamma,5/23,5f3e189bd95d06627dc8e936,5f381f30f815d062fb9da8f1,[5f3e16a8d95d06627dc8e927],2952,0
[5ab055eae67be20014ca5284],5f3e18f8d95d06627dc8e968,groceries,5/26,5f3e189bd95d06627dc8e932,5f381f30f815d062fb9da8f1,[5f3e16a8d95d06627dc8e92f],592,196
[5ab055eae67be20014ca5284],5f3e18f8d95d06627dc8e968,groceries,5/26,5f3e189bd95d06627dc8e932,5f381f30f815d062fb9da8f1,[5f3e16a8d95d06627dc8e92f],1218,609
[5ab055eae67be20014ca5284],5f3e18f8d95d06627dc8e98f,"stamps, mailing books to Prez and VP and California Unemployment Insurance docs",5/26,5f3e189bd95d06627dc8e937,5f381f30f815d062fb9da8f1,[5f3e16a8d95d06627dc8e92f],2040,0
[5ab055eae67be20014ca5284],5f3e18f8d95d06627dc8e9b0,phone bill,5/26,5f3e189bd95d06627dc8e934,5f381f30f815d062fb9da8f1,[5f3e16a8d95d06627dc8e927],4000,0
[5ab055eae67be20014ca5284],5f3e18f8d95d06627dc8e951,srp bill,5/26,5f3e189bd95d06627dc8e93a,5f381f30f815d062fb9da8f1,[5f3e16a8d95d06627dc8e92f],2565,0
[5ab055eae67be20014ca5284],5f3e18f8d95d06627dc8e99c,groceries,5/27,5f3e189bd95d06627dc8e932,5f381f30f815d062fb9da8f1,[5f3e16a8d95d06627dc8e92f],8384,4192
[5ab055eae67be20014ca5284],5f3e18f8d95d06627dc8e954,groceries,5/18,5f3e189bd95d06627dc8e932,5f381f30f815d062fb9da8f1,[5f3e16a8d95d06627dc8e92f],12566,6283
[5ab055eae67be20014ca5284],5f3e18f8d95d06627dc8e93f,"teachable class ""How to Raise Capital for Your Company from Scratch""",5/28,5f3e189bd95d06627dc8e937,5f381f30f815d062fb9da8f1,[5f3e16a8d95d06627dc8e927],6000,0
[5ab055eae67be20014ca5284],5f3e18f8d95d06627dc8e968,groceries,5/29,5f3e189bd95d06627dc8e932,5f381f30f815d062fb9da8f1,[5f3e16a8d95d06627dc8e92f],877,439
[5ab055eae67be20014ca5284],5f3e18f8d95d06627dc8e93e,"berreta apx compact 9, cleaner, 100 rounds",5/30,5f3e189bd95d06627dc8e937,5f381f30f815d062fb9da8f1,[5f3e16a8d95d06627dc8e928],47915,0
[5ab055eae67be20014ca5284],5f3e18f8d95d06627dc8e996,drinks,5/30,5f3e189bd95d06627dc8e932,5f381f30f815d062fb9da8f1,[5f3e16a8d95d06627dc8e92f],216,0
[5ab055eae67be20014ca5284],5f3e18f8d95d06627dc8e9a5,pretzels,5/30,5f3e189bd95d06627dc8e932,5f381f30f815d062fb9da8f1,[5f3e16a8d95d06627dc8e92f],1300,0
[5ab055eae67be20014ca5284],5f3e18f8d95d06627dc8e989,ar-15 kit,5/30,5f3e189bd95d06627dc8e937,5f381f30f815d062fb9da8f1,[5f3e16a8d95d06627dc8e92f],80849,0
[5ab055eae67be20014ca5284],5f3e18f8d95d06627dc8e960,electronic fax service,5/26,5f3e189bd95d06627dc8e937,5f381f30f815d062fb9da8f1,[5f3e16a8d95d06627dc8e92a],1695,0
[5ab055eae67be20014ca5284],5f3e18f8d95d06627dc8e96a,movie rental,5/22,5f3e189bd95d06627dc8e931,5f381f30f815d062fb9da8f1,[5f3e16a8d95d06627dc8e92d],299,0
[5ab055eae67be20014ca5284],5f3e18f8d95d06627dc8e968,gas,6/1,5f3e189bd95d06627dc8e931,5f381f30f815d062fb9da8f1,[5f3e16a8d95d06627dc8e92f],490,0
[5ab055eae67be20014ca5284],5f3e18f8d95d06627dc8e94b,gun range,6/1,5f3e189bd95d06627dc8e931,5f381f30f815d062fb9da8f1,[5f3e16a8d95d06627dc8e928],2041,0
[5ab055eae67be20014ca5284],5f3e18f8d95d06627dc8e989,ar-15 lower,6/2,5f3e189bd95d06627dc8e937,5f381f30f815d062fb9da8f1,[5f3e16a8d95d06627dc8e927],7385,0
[5ab055eae67be20014ca5284],5f3e18f8d95d06627dc8e96d,1st half of payment for logo design,6/1,5f3e189bd95d06627dc8e931,5f381f30f815d062fb9da8f1,[5f3e16a8d95d06627dc8e92d],4000,0
[5ab055eae67be20014ca5284],5f3e18f8d95d06627dc8e951,settle up on May expenses,6/2,5f3e189bd95d06627dc8e933,5f381f30f815d062fb9da8f1,[5f3e16a8d95d06627dc8e92f],1957,0
[5ab055eae67be20014ca5284],5f3e18f8d95d06627dc8e985,gun club membership,6/3,5f3e189bd95d06627dc8e936,5f381f30f815d062fb9da8f1,[5f3e16a8d95d06627dc8e927],2900,0
[5ab055eae67be20014ca5284],5f3e18f8d95d06627dc8e93d,"RETURNED. wig for mamma, 10"" Straight Short Bob Wig Human Hair Brazilian Virgin Human Hair Wigs with Bangs 130% Density None Lace Front Bob Wig for Black Women Natural Color (10 Inch)",6/3,5f3e189bd95d06627dc8e933,5f381f30f815d062fb9da8f1,[5f3e16a8d95d06627dc8e92f],4279,4279
[5ab055eae67be20014ca5284],5f3e18f8d95d06627dc8e93d,"RETURNED. wig for mamma, Quinlux Wigs 13X4 Lace Front Wig 150% Density Air Bangs Natural Color Short Bob Wigs Brazilian 100% Human Hair For Women",6/3,5f3e189bd95d06627dc8e933,5f381f30f815d062fb9da8f1,[5f3e16a8d95d06627dc8e92f],8559,8559
[5ab055eae67be20014ca5284],5f3e18f8d95d06627dc8e953,conceal carry band,6/3,5f3e189bd95d06627dc8e937,5f381f30f815d062fb9da8f1,[5f3e16a8d95d06627dc8e92d],1698,0
[5ab055eae67be20014ca5284],5f3e18f8d95d06627dc8e968,groceries,6/9,5f3e189bd95d06627dc8e932,5f381f30f815d062fb9da8f1,[5f3e16a8d95d06627dc8e92f],3798,0
[5ab055eae67be20014ca5284],5f3e18f8d95d06627dc8e96d,2nd half of payment for logo design,6/9,5f3e189bd95d06627dc8e931,5f381f30f815d062fb9da8f1,[5f3e16a8d95d06627dc8e92d],4000,0
[5ab055eae67be20014ca5284],5f3e18f8d95d06627dc8e95b,Rosalie birthday party Pizza and shakes,6/9,5f3e189bd95d06627dc8e932,5f381f30f815d062fb9da8f1,[5f3e16a8d95d06627dc8e92f],2753,1377
[5ab055eae67be20014ca5284],5f3e18f8d95d06627dc8e93d,ebook: We Will Shoot Back: Armed Resistance in the Mississippi Freedom Movement[Kindle Edition],6/9,5f3e189bd95d06627dc8e936,5f381f30f815d062fb9da8f1,[5f3e16a8d95d06627dc8e92f],167,0
[5ab055eae67be20014ca5284],5f3e18f8d95d06627dc8e976,Bundle for Racial Justice and Equality,6/10,5f3e189bd95d06627dc8e931,5f381f30f815d062fb9da8f1,[5f3e16a8d95d06627dc8e927],1000,0
[5ab055eae67be20014ca5284],5f3e18f8d95d06627dc8e966,dinner,6/10,5f3e189bd95d06627dc8e932,5f381f30f815d062fb9da8f1,[5f3e16a8d95d06627dc8e92f],3400,0
[5ab055eae67be20014ca5284],5f3e18f8d95d06627dc8e9a2,RETURNED. laptop for streaming and gaming,6/10,5f3e189bd95d06627dc8e937,5f381f30f815d062fb9da8f1,[5f3e16a8d95d06627dc8e927],208464,205500
[5ab055eae67be20014ca5284],5f3e18f8d95d06627dc8e948,2 clips for AR: AR-15 PMAG Gen M2 MOE Window Mag 223/5.56 30rd Blk 1pk,6/11,5f3e189bd95d06627dc8e937,5f381f30f815d062fb9da8f1,[5f3e16a8d95d06627dc8e92f],3893,0
[5ab055eae67be20014ca5284],5f3e18f8d95d06627dc8e966,dinner,6/12,5f3e189bd95d06627dc8e932,5f381f30f815d062fb9da8f1,[5f3e16a8d95d06627dc8e92f],5000,2500
[5ab055eae67be20014ca5284],5f3e18f8d95d06627dc8e95f,moving reimbursement,6/12,5f3e189bd95d06627dc8e939,5f381f30f815d062fb9da8f1,[5f3e16a8d95d06627dc8e929],0,10000
[5ab055eae67be20014ca5284],5f3e18f8d95d06627dc8e93d,RETURNED. kindle unlimited,"$43,990.00",5f3e189bd95d06627dc8e937,5f381f30f815d062fb9da8f1,[5f3e16a8d95d06627dc8e92a],999,999
[5ab055eae67be20014ca5284],5f3e18f8d95d06627dc8e93b,RETURNED. green screen and stand,6/12,5f3e189bd95d06627dc8e937,5f381f30f815d062fb9da8f1,[5f3e16a8d95d06627dc8e92d],19394,19394
[5ab055eae67be20014ca5284],5f3e18f8d95d06627dc8e968,groceries,6/15,5f3e189bd95d06627dc8e932,5f381f30f815d062fb9da8f1,[5f3e16a8d95d06627dc8e92f],308,154
[5ab055eae67be20014ca5284],5f3e18f8d95d06627dc8e975,CreditStacker App,6/14,5f3e189bd95d06627dc8e937,5f381f30f815d062fb9da8f1,[5f3e16a8d95d06627dc8e92d],1069,0
[5ab055eae67be20014ca5284],5f3e18f8d95d06627dc8e958,"Games: ""In Home Banking"" Board Game",6/18,5f3e189bd95d06627dc8e937,5f381f30f815d062fb9da8f1,[5f3e16a8d95d06627dc8e927],16498,0
[5ab055eae67be20014ca5284],5f3e18f8d95d06627dc8e954,gas,6/18,5f3e189bd95d06627dc8e933,5f381f30f815d062fb9da8f1,[5f3e16a8d95d06627dc8e92f],1470,0
[5ab055eae67be20014ca5284],5f3e18f8d95d06627dc8e996,drink,6/19,5f3e189bd95d06627dc8e932,5f381f30f815d062fb9da8f1,[5f3e16a8d95d06627dc8e928],108,0
[5ab055eae67be20014ca5284],5f3e18f8d95d06627dc8e968,groceries,6/19,5f3e189bd95d06627dc8e932,5f381f30f815d062fb9da8f1,[5f3e16a8d95d06627dc8e92f],1949,0
[5ab055eae67be20014ca5284],5f3e18f8d95d06627dc8e9ac,mailing Thomas' papers to NC,6/19,5f3e189bd95d06627dc8e933,5f381f30f815d062fb9da8f1,[5f3e16a8d95d06627dc8e928],1155,0
[5ab055eae67be20014ca5284],5f3e18f8d95d06627dc8e93e,"Arizona lower, rope for cleaning, ammo .223 & 5.56",6/19,5f3e189bd95d06627dc8e937,5f381f30f815d062fb9da8f1,[5f3e16a8d95d06627dc8e928],7942,0
[5ab055eae67be20014ca5284],5f3e18f8d95d06627dc8e99c,lunch,6/20,5f3e189bd95d06627dc8e932,5f381f30f815d062fb9da8f1,[5f3e16a8d95d06627dc8e92f],1868,0
[5ab055eae67be20014ca5284],5f3e18f8d95d06627dc8e99e,political donation,6/20,5f3e189bd95d06627dc8e939,5f381f30f815d062fb9da8f1,[5f3e16a8d95d06627dc8e92d],10000,0
[5ab055eae67be20014ca5284],5f3e18f8d95d06627dc8e964,breakfast,6/21,5f3e189bd95d06627dc8e932,5f381f30f815d062fb9da8f1,[5f3e16a8d95d06627dc8e92f],2936,0
[5ab055eae67be20014ca5284],5f3e18f8d95d06627dc8e968,groceries,6/21,5f3e189bd95d06627dc8e932,5f381f30f815d062fb9da8f1,[5f3e16a8d95d06627dc8e92f],484,0
[5ab055eae67be20014ca5284],5f3e18f8d95d06627dc8e93c,groceries,6/21,5f3e189bd95d06627dc8e932,5f381f30f815d062fb9da8f1,[5f3e16a8d95d06627dc8e92f],202,0
[5ab055eae67be20014ca5284],5f3e18f8d95d06627dc8e968,batteries for helmet and scope,6/21,5f3e189bd95d06627dc8e937,5f381f30f815d062fb9da8f1,[5f3e16a8d95d06627dc8e92f],999,0
[5ab055eae67be20014ca5284],5f3e18f8d95d06627dc8e999,sunglass shipping,6/24,5f3e189bd95d06627dc8e937,5f381f30f815d062fb9da8f1,[5f3e16a8d95d06627dc8e92d],889,0
[5ab055eae67be20014ca5284],5f3e18f8d95d06627dc8e954,tampons,6/24,5f3e189bd95d06627dc8e936,5f381f30f815d062fb9da8f1,[5f3e16a8d95d06627dc8e92f],7116,7116
[5ab055eae67be20014ca5284],5f3e18f8d95d06627dc8e954,groceries,6/24,5f3e189bd95d06627dc8e932,5f381f30f815d062fb9da8f1,[5f3e16a8d95d06627dc8e92f],7174,3587
[5ab055eae67be20014ca5284],5f3e18f8d95d06627dc8e99f,bookshop.org,6/24,5f3e189bd95d06627dc8e933,5f381f30f815d062fb9da8f1,[5f3e16a8d95d06627dc8e927],2096,0
[5ab055eae67be20014ca5284],5f3e18f8d95d06627dc8e9b0,phone service,6/25,5f3e189bd95d06627dc8e934,5f381f30f815d062fb9da8f1,[5f3e16a8d95d06627dc8e927],4000,0
[5ab055eae67be20014ca5284],5f3e18f8d95d06627dc8e951,"groceries, meals for the month of June",6/25,5f3e189bd95d06627dc8e932,5f381f30f815d062fb9da8f1,[5f3e16a8d95d06627dc8e92f],12754,0
[5ab055eae67be20014ca5284],5f3e18f8d95d06627dc8e951,rent,6/25,5f3e189bd95d06627dc8e935,5f381f30f815d062fb9da8f1,[5f3e16a8d95d06627dc8e92f],68126,0
[5ab055eae67be20014ca5284],5f3e18f8d95d06627dc8e951,utilities,6/25,5f3e189bd95d06627dc8e93a,5f381f30f815d062fb9da8f1,[5f3e16a8d95d06627dc8e92f],13107,0
[5ab055eae67be20014ca5284],5f3e18f8d95d06627dc8e961,breakfast,6/26,5f3e189bd95d06627dc8e932,5f381f30f815d062fb9da8f1,[5f3e16a8d95d06627dc8e92f],2223,0
[5ab055eae67be20014ca5284],5f3e18f8d95d06627dc8e977,late lunch,6/26,5f3e189bd95d06627dc8e932,5f381f30f815d062fb9da8f1,[5f3e16a8d95d06627dc8e92f],1010,1010
[5ab055eae67be20014ca5284],5f3e18f8d95d06627dc8e982,"re/undo box braids, wash, consult, plus $10 tip",6/26,5f3e189bd95d06627dc8e936,5f381f30f815d062fb9da8f1,[5f3e16a8d95d06627dc8e928],7000,0
[5ab055eae67be20014ca5284],5f3e18f8d95d06627dc8e93d,Ear Pad Replacement for Bose QuietComfort 35 Ear,6/26,5f3e189bd95d06627dc8e937,5f381f30f815d062fb9da8f1,[5f3e16a8d95d06627dc8e927],949,0
[5ab055eae67be20014ca5284],5f3e18f8d95d06627dc8e95a,Lunch w Birthday sandwich,6/27,5f3e189bd95d06627dc8e932,5f381f30f815d062fb9da8f1,[5f3e16a8d95d06627dc8e92f],1360,1360
[5ab055eae67be20014ca5284],5f3e18f8d95d06627dc8e96a,rent Mo' Better Blues,6/27,5f3e189bd95d06627dc8e931,5f381f30f815d062fb9da8f1,[5f3e16a8d95d06627dc8e92d],399,0
[5ab055eae67be20014ca5284],5f3e18f8d95d06627dc8e972,lunch for us,6/29,5f3e189bd95d06627dc8e932,5f381f30f815d062fb9da8f1,[5f3e16a8d95d06627dc8e92f],2402,1201
[5ab055eae67be20014ca5284],5f3e18f8d95d06627dc8e93d,castor oil for mamma,6/30,5f3e189bd95d06627dc8e933,5f381f30f815d062fb9da8f1,[5f3e16a8d95d06627dc8e92f],2776,0
[5ab055eae67be20014ca5284],5f3e18f8d95d06627dc8e954,gas,6/30,5f3e189bd95d06627dc8e939,5f381f30f815d062fb9da8f1,[5f3e16a8d95d06627dc8e92f],2120,0
[5ab055eae67be20014ca5284],5f3e18f8d95d06627dc8e996,lunch for us,6/30,5f3e189bd95d06627dc8e932,5f381f30f815d062fb9da8f1,[5f3e16a8d95d06627dc8e92f],1382,691
[5ab055eae67be20014ca5284],5f3e18f8d95d06627dc8e996,dinner,6/30,5f3e189bd95d06627dc8e932,5f381f30f815d062fb9da8f1,[5f3e16a8d95d06627dc8e92f],653,0
[5ab055eae67be20014ca5284],5f3e18f8d95d06627dc8e966,lunch,6/30,5f3e189bd95d06627dc8e932,5f381f30f815d062fb9da8f1,[5f3e16a8d95d06627dc8e92f],592,0
[5ab055eae67be20014ca5284],5f3e18f8d95d06627dc8e9a6,music subscription,6/13,5f3e189bd95d06627dc8e931,5f381f30f815d062fb9da8f1,[5f3e16a8d95d06627dc8e92f],999,0
[5ab055eae67be20014ca5284],5f3e18f8d95d06627dc8e93f,"teachable class ""How to Raise Capital for Your Company from Scratch""",6/27,5f3e189bd95d06627dc8e937,5f381f30f815d062fb9da8f1,[5f3e16a8d95d06627dc8e927],6000,0
[5ab055eae67be20014ca5284],5f3e18f8d95d06627dc8e968,groceries,6/28,5f3e189bd95d06627dc8e932,5f381f30f815d062fb9da8f1,[5f3e16a8d95d06627dc8e92f],1422,711
[5ab055eae67be20014ca5284],5f3e18f8d95d06627dc8e954,groceries,7/1,5f3e189bd95d06627dc8e932,5f381f30f815d062fb9da8f1,[5f3e16a8d95d06627dc8e92f],23668,13408
[5ab055eae67be20014ca5284],5f3e18f8d95d06627dc8e951,June Balance of bills,7/3,5f3e189bd95d06627dc8e93a,5f381f30f815d062fb9da8f1,[5f3e16a8d95d06627dc8e92f],5586,0
[5ab055eae67be20014ca5284],5f3e18f8d95d06627dc8e996,dinner,7/2,5f3e189bd95d06627dc8e932,5f381f30f815d062fb9da8f1,[5f3e16a8d95d06627dc8e92f],620,0
[5ab055eae67be20014ca5284],5f3e18f8d95d06627dc8e987,online membership,7/3,5f3e189bd95d06627dc8e931,5f381f30f815d062fb9da8f1,[5f3e16a8d95d06627dc8e92d],2139,0
[5ab055eae67be20014ca5284],5f3e18f8d95d06627dc8e986,7 domain renewals,7/3,5f3e189bd95d06627dc8e937,5f381f30f815d062fb9da8f1,[5f3e16a8d95d06627dc8e92d],11002,0
[5ab055eae67be20014ca5284],5f3e18f8d95d06627dc8e968,groceries,7/4,5f3e189bd95d06627dc8e932,5f381f30f815d062fb9da8f1,[5f3e16a8d95d06627dc8e92f],2623,1312
[5ab055eae67be20014ca5284],5f3e18f8d95d06627dc8e968,groceries,7/6,5f3e189bd95d06627dc8e932,5f381f30f815d062fb9da8f1,[5f3e16a8d95d06627dc8e92f],1875,938
[5ab055eae67be20014ca5284],5f3e18f8d95d06627dc8e9b4,snack,7/7,5f3e189bd95d06627dc8e932,5f381f30f815d062fb9da8f1,[5f3e16a8d95d06627dc8e92f],792,0
[5ab055eae67be20014ca5284],5f3e18f8d95d06627dc8e9a7,belt,7/8,5f3e189bd95d06627dc8e933,5f381f30f815d062fb9da8f1,[5f3e16a8d95d06627dc8e92f],1832,0
[5ab055eae67be20014ca5284],5f3e18f8d95d06627dc8e995,ccw class,7/9,5f3e189bd95d06627dc8e936,5f381f30f815d062fb9da8f1,[5f3e16a8d95d06627dc8e927],500,0
[5ab055eae67be20014ca5284],5f3e18f8d95d06627dc8e954,pillow,7/9,5f3e189bd95d06627dc8e937,5f381f30f815d062fb9da8f1,[5f3e16a8d95d06627dc8e92f],2156,1078
[5ab055eae67be20014ca5284],5f3e18f8d95d06627dc8e954,refund pillow from 7/1 line 5,7/9,5f3e189bd95d06627dc8e937,5f381f30f815d062fb9da8f1,[5f3e16a8d95d06627dc8e92f],1617,3233
[5ab055eae67be20014ca5284],5f3e18f8d95d06627dc8e94a,dinner,7/9,5f3e189bd95d06627dc8e932,5f381f30f815d062fb9da8f1,[5f3e16a8d95d06627dc8e928],1100,0
[5ab055eae67be20014ca5284],5f3e18f8d95d06627dc8e991,dinner,7/11,5f3e189bd95d06627dc8e932,5f381f30f815d062fb9da8f1,[5f3e16a8d95d06627dc8e92f],2000,1000
[5ab055eae67be20014ca5284],5f3e18f8d95d06627dc8e966,dinner,7/12,5f3e189bd95d06627dc8e932,5f381f30f815d062fb9da8f1,[5f3e16a8d95d06627dc8e92f],1500,0
[5ab055eae67be20014ca5284],5f3e18f8d95d06627dc8e98e,soccer ball size 5,7/14,5f3e189bd95d06627dc8e931,5f381f30f815d062fb9da8f1,[5f3e16a8d95d06627dc8e92f],1296,0
[5ab055eae67be20014ca5284],5f3e18f8d95d06627dc8e968,groceries,7/14,5f3e189bd95d06627dc8e932,5f381f30f815d062fb9da8f1,[5f3e16a8d95d06627dc8e92f],1677,839
[5ab055eae67be20014ca5284],5f3e18f8d95d06627dc8e9ad,ship 50 masks to mamma,7/14,5f3e189bd95d06627dc8e933,5f381f30f815d062fb9da8f1,[5f3e16a8d95d06627dc8e92f],840,0
[5ab055eae67be20014ca5284],5f3e18f8d95d06627dc8e968,groceries,7/17,5f3e189bd95d06627dc8e932,5f381f30f815d062fb9da8f1,[5f3e16a8d95d06627dc8e92f],1362,681
[5ab055eae67be20014ca5284],5f3e18f8d95d06627dc8e97b,exercise equipment for indoors,7/16,5f3e189bd95d06627dc8e937,5f381f30f815d062fb9da8f1,[5f3e16a8d95d06627dc8e92d],19710,0
[5ab055eae67be20014ca5284],5f3e18f8d95d06627dc8e954,groceries,7/18,5f3e189bd95d06627dc8e932,5f381f30f815d062fb9da8f1,[5f3e16a8d95d06627dc8e92f],9460,4730
[5ab055eae67be20014ca5284],5f3e18f8d95d06627dc8e951,rent,7/18,5f3e189bd95d06627dc8e935,5f381f30f815d062fb9da8f1,[5f3e16a8d95d06627dc8e92f],68126,0
[5ab055eae67be20014ca5284],5f3e18f8d95d06627dc8e951,"utilities, cox cable/internet",7/18,5f3e189bd95d06627dc8e93a,5f381f30f815d062fb9da8f1,[5f3e16a8d95d06627dc8e92f],8058,0
[5ab055eae67be20014ca5284],5f3e18f8d95d06627dc8e951,"utilitiels, SRP",7/18,5f3e189bd95d06627dc8e93a,5f381f30f815d062fb9da8f1,[5f3e16a8d95d06627dc8e92f],6159,0
[5ab055eae67be20014ca5284],5f3e18f8d95d06627dc8e968,groceries,7/21,5f3e189bd95d06627dc8e932,5f381f30f815d062fb9da8f1,[5f3e16a8d95d06627dc8e92f],812,406
[5ab055eae67be20014ca5284],5f3e18f8d95d06627dc8e978,green fabric and hooks for green screen,7/21,5f3e189bd95d06627dc8e937,5f381f30f815d062fb9da8f1,[5f3e16a8d95d06627dc8e927],4122,0
[5ab055eae67be20014ca5284],5f3e18f8d95d06627dc8e978,green fabric for green screen,7/21,5f3e189bd95d06627dc8e937,5f381f30f815d062fb9da8f1,[5f3e16a8d95d06627dc8e92d],2423,0
[5ab055eae67be20014ca5284],5f3e18f8d95d06627dc8e96c,"late lunch, early dinner",7/21,5f3e189bd95d06627dc8e932,5f381f30f815d062fb9da8f1,[5f3e16a8d95d06627dc8e92f],865,0
[5ab055eae67be20014ca5284],5f3e18f8d95d06627dc8e954,gas,7/21,5f3e189bd95d06627dc8e938,5f381f30f815d062fb9da8f1,[5f3e16a8d95d06627dc8e92f],1720,0
[5ab055eae67be20014ca5284],5f3e18f8d95d06627dc8e9a8,shoes for Christina,7/21,5f3e189bd95d06627dc8e933,5f381f30f815d062fb9da8f1,[5f3e16a8d95d06627dc8e92f],13500,0
[5ab055eae67be20014ca5284],5f3e18f8d95d06627dc8e9a6,music subscription,7/17,5f3e189bd95d06627dc8e931,5f381f30f815d062fb9da8f1,[5f3e16a8d95d06627dc8e92d],999,0
[5ab055eae67be20014ca5284],5f3e18f8d95d06627dc8e9a2,RETURNED. laptop for streaming and gaming,7/22,5f3e189bd95d06627dc8e937,5f381f30f815d062fb9da8f1,[5f3e16a8d95d06627dc8e927],222253,219300
[5ab055eae67be20014ca5284],5f3e18f8d95d06627dc8e94d,pelican case for ar-15,7/23,5f3e189bd95d06627dc8e937,5f381f30f815d062fb9da8f1,[5f3e16a8d95d06627dc8e927],18288,0
[5ab055eae67be20014ca5284],5f3e18f8d95d06627dc8e968,groceries,7/24,5f3e189bd95d06627dc8e932,5f381f30f815d062fb9da8f1,[5f3e16a8d95d06627dc8e92f],968,484
[5ab055eae67be20014ca5284],5f3e18f8d95d06627dc8e96b,black illustrations graphics,7/23,5f3e189bd95d06627dc8e937,5f381f30f815d062fb9da8f1,[5f3e16a8d95d06627dc8e92d],1000,0
[5ab055eae67be20014ca5284],5f3e18f8d95d06627dc8e9ae,phone bill,7/26,5f3e189bd95d06627dc8e934,5f381f30f815d062fb9da8f1,[5f3e16a8d95d06627dc8e927],4000,0
[5ab055eae67be20014ca5284],5f3e18f8d95d06627dc8e954,air fryer for Jean and pops,7/27,5f3e189bd95d06627dc8e933,5f381f30f815d062fb9da8f1,[5f3e16a8d95d06627dc8e92f],6419,0
[5ab055eae67be20014ca5284],5f3e18f8d95d06627dc8e968,RETURNED. groceries and shoes,7/28,5f3e189bd95d06627dc8e932,5f381f30f815d062fb9da8f1,[5f3e16a8d95d06627dc8e92f],2028,1622
[5ab055eae67be20014ca5284],5f3e18f8d95d06627dc8e96d,1st half of payment for widgetry social media design,7/29,5f3e189bd95d06627dc8e931,5f381f30f815d062fb9da8f1,[5f3e16a8d95d06627dc8e92d],4000,0
[5ab055eae67be20014ca5284],5f3e18f8d95d06627dc8e968,groceries,7/30,5f3e189bd95d06627dc8e932,5f381f30f815d062fb9da8f1,[5f3e16a8d95d06627dc8e92f],1711,856
[5ab055eae67be20014ca5284],5f3e18f8d95d06627dc8e961,breakfast,7/30,5f3e189bd95d06627dc8e932,5f381f30f815d062fb9da8f1,[5f3e16a8d95d06627dc8e92f],648,0
[5ab055eae67be20014ca5284],5f3e18f8d95d06627dc8e968,groceries,7/31,5f3e189bd95d06627dc8e932,5f381f30f815d062fb9da8f1,[5f3e16a8d95d06627dc8e92f],1797,899
[5ab055eae67be20014ca5284],5f3e18f8d95d06627dc8e995,fingerprinting,8/1,5f3e189bd95d06627dc8e936,5f381f30f815d062fb9da8f1,[5f3e16a8d95d06627dc8e928],2000,0
[5ab055eae67be20014ca5284],5f3e18f8d95d06627dc8e995,MyFirstSight membership,8/1,5f3e189bd95d06627dc8e936,5f381f30f815d062fb9da8f1,[5f3e16a8d95d06627dc8e928],5000,0
[5ab055eae67be20014ca5284],5f3e18f8d95d06627dc8e9ab,gold membership for legal weapons issues,8/1,5f3e189bd95d06627dc8e936,5f381f30f815d062fb9da8f1,[5f3e16a8d95d06627dc8e92f],24889,0
[5ab055eae67be20014ca5284],5f3e18f8d95d06627dc8e9a5,pretzel,8/1,5f3e189bd95d06627dc8e932,5f381f30f815d062fb9da8f1,[5f3e16a8d95d06627dc8e92f],1023,0
[5ab055eae67be20014ca5284],5f3e18f8d95d06627dc8e95d,coffee for Christina,8/1,5f3e189bd95d06627dc8e933,5f381f30f815d062fb9da8f1,[5f3e16a8d95d06627dc8e92f],217,0
[5ab055eae67be20014ca5284],5f3e18f8d95d06627dc8e9ac,"book of stamps & envelope, postage to mail CCW application",8/3,5f3e189bd95d06627dc8e936,5f381f30f815d062fb9da8f1,[5f3e16a8d95d06627dc8e927],1255,0
[5ab055eae67be20014ca5284],5f3e18f8d95d06627dc8e968,$60 money order for CCW application,8/3,5f3e189bd95d06627dc8e936,5f381f30f815d062fb9da8f1,[5f3e16a8d95d06627dc8e927],6084,0
[5ab055eae67be20014ca5284],5f3e18f8d95d06627dc8e968,groceries,8/3,5f3e189bd95d06627dc8e932,5f381f30f815d062fb9da8f1,[5f3e16a8d95d06627dc8e92f],812,406
[5ab055eae67be20014ca5284],5f3e18f8d95d06627dc8e954,groceries,8/3,5f3e189bd95d06627dc8e932,5f381f30f815d062fb9da8f1,[5f3e16a8d95d06627dc8e92f],1217,609
[5ab055eae67be20014ca5284],5f3e18f8d95d06627dc8e9a4,sandals,8/3,5f3e189bd95d06627dc8e937,5f381f30f815d062fb9da8f1,[5f3e16a8d95d06627dc8e92f],1616,0
[5ab055eae67be20014ca5284],5f3e18f8d95d06627dc8e986,domain renewals,8/4,5f3e189bd95d06627dc8e937,5f381f30f815d062fb9da8f1,[5f3e16a8d95d06627dc8e92d],10184,0
[5ab055eae67be20014ca5284],5f3e18f8d95d06627dc8e954,gaming laptop for video editting,8/5,5f3e189bd95d06627dc8e937,5f381f30f815d062fb9da8f1,[5f3e16a8d95d06627dc8e92b],155194,0
[5ab055eae67be20014ca5284],5f3e18f8d95d06627dc8e93d,2 video games: Mario Cart & FIFA 20 for switch,8/6,5f3e189bd95d06627dc8e931,5f381f30f815d062fb9da8f1,[5f3e16a8d95d06627dc8e927],3273,0
[5ab055eae67be20014ca5284],5f3e18f8d95d06627dc8e971,RETURNED. massage tools,8/6,5f3e189bd95d06627dc8e937,5f381f30f815d062fb9da8f1,[5f3e16a8d95d06627dc8e927],48402,48402
[5ab055eae67be20014ca5284],5f3e18f8d95d06627dc8e995,"kubaton, pepper spray",8/7,5f3e189bd95d06627dc8e937,5f381f30f815d062fb9da8f1,[5f3e16a8d95d06627dc8e928],4000,0
[5ab055eae67be20014ca5284],5f3e18f8d95d06627dc8e95e,massage tools,8/7,5f3e189bd95d06627dc8e937,5f381f30f815d062fb9da8f1,[5f3e16a8d95d06627dc8e92d],11897,0
[5ab055eae67be20014ca5284],5f3e18f8d95d06627dc8e970,dinner for Christina and I,8/7,5f3e189bd95d06627dc8e932,5f381f30f815d062fb9da8f1,[5f3e16a8d95d06627dc8e92f],2834,0
[5ab055eae67be20014ca5284],5f3e18f8d95d06627dc8e968,groceries,8/8,5f3e189bd95d06627dc8e932,5f381f30f815d062fb9da8f1,[5f3e16a8d95d06627dc8e92f],1977,989
[5ab055eae67be20014ca5284],5f3e18f8d95d06627dc8e951,other expenses,8/8,5f3e189bd95d06627dc8e933,5f381f30f815d062fb9da8f1,[5f3e16a8d95d06627dc8e92f],4320,0
[5ab055eae67be20014ca5284],5f3e18f8d95d06627dc8e951,cox,8/8,5f3e189bd95d06627dc8e93a,5f381f30f815d062fb9da8f1,[5f3e16a8d95d06627dc8e92f],8061,0
[5ab055eae67be20014ca5284],5f3e18f8d95d06627dc8e951,srp,8/8,5f3e189bd95d06627dc8e93a,5f381f30f815d062fb9da8f1,[5f3e16a8d95d06627dc8e92f],8137,0
[5ab055eae67be20014ca5284],5f3e18f8d95d06627dc8e951,rent,8/8,5f3e189bd95d06627dc8e935,5f381f30f815d062fb9da8f1,[5f3e16a8d95d06627dc8e92f],68145,0
[5ab055eae67be20014ca5284],5f3e18f8d95d06627dc8e968,groceries,8/12,5f3e189bd95d06627dc8e932,5f381f30f815d062fb9da8f1,[5f3e16a8d95d06627dc8e92f],1383,692
[5ab055eae67be20014ca5284],5f3e18f8d95d06627dc8e968,groceries,8/12,5f3e189bd95d06627dc8e932,5f381f30f815d062fb9da8f1,[5f3e16a8d95d06627dc8e92f],1598,0
[5ab055eae67be20014ca5284],5f3e18f8d95d06627dc8e954,gas,8/14,5f3e189bd95d06627dc8e938,5f381f30f815d062fb9da8f1,[5f3e16a8d95d06627dc8e92f],1770,0
[5ab055eae67be20014ca5284],5f3e18f8d95d06627dc8e981,lunch,8/14,5f3e189bd95d06627dc8e932,5f381f30f815d062fb9da8f1,[5f3e16a8d95d06627dc8e928],1086,0
[5ab055eae67be20014ca5284],5f3e18f8d95d06627dc8e951,Meds,8/14,5f3e189bd95d06627dc8e931,5f381f30f815d062fb9da8f1,[5f3e16a8d95d06627dc8e928],4000,0
[5ab055eae67be20014ca5284],5f3e18f8d95d06627dc8e9a6,tidal subscription,8/15,5f3e189bd95d06627dc8e931,5f381f30f815d062fb9da8f1,[5f3e16a8d95d06627dc8e92d],999,0
[5ab055eae67be20014ca5284],5f3e18f8d95d06627dc8e982,"box braids by Janice, $10 tip",8/14,5f3e189bd95d06627dc8e936,5f381f30f815d062fb9da8f1,[5f3e16a8d95d06627dc8e928],7000,0
[5ab055eae67be20014ca5284],5f3e18f8d95d06627dc8e94f,lunch w/ Christina,8/16,5f3e189bd95d06627dc8e932,5f381f30f815d062fb9da8f1,[5f3e16a8d95d06627dc8e92f],2061,1031
[5ab055eae67be20014ca5284],5f3e18f8d95d06627dc8e977,lunch w/ Christina,8/18,5f3e189bd95d06627dc8e932,5f381f30f815d062fb9da8f1,[5f3e16a8d95d06627dc8e92f],2788,1088
[5ab055eae67be20014ca5284],5f3e18f8d95d06627dc8e968,groceries,8/19,5f3e189bd95d06627dc8e932,5f381f30f815d062fb9da8f1,[5f3e16a8d95d06627dc8e92f],1581,791
[5ab055eae67be20014ca5284],5f3e18f8d95d06627dc8e968,groceries,8/20,5f3e189bd95d06627dc8e932,5f381f30f815d062fb9da8f1,[5f3e16a8d95d06627dc8e92f],352,176